transition,detector_pts,detector_time_s,settled_pts,settled_time_s,pre_centroid_x_camera_px,pre_centroid_y_camera_px,post_centroid_x_camera_px,post_centroid_y_camera_px,raw_delta_x_camera_px,raw_delta_y_camera_px,reference_delta_x_camera_px,reference_delta_y_camera_px,reference_corrected_delta_x_camera_px,reference_corrected_delta_y_camera_px,raw_unrounded_step_x_source_px,raw_unrounded_step_y_source_px,corrected_unrounded_step_x_source_px,corrected_unrounded_step_y_source_px,decoded_step_x_source_px,decoded_step_y_source_px,cumulative_x_source_px,cumulative_y_source_px,raw_rounding_residual_source_px,corrected_rounding_residual_source_px,reference_ecc_correlation,window_frame_count
1,71441,119.06833333333333,71451,119.085,2174.3995640741587,429.25072023365124,2174.236631261396,438.37210768921886,-0.16293281276284688,9.121387455567628,0.5151937007904053,-0.32866016030311584,-0.6781265135532522,9.450047615870744,-0.010796057155312715,1.0059303166799496,-0.06724769050705176,1.0435030648054713,0,1,0,1,0.012317609590552349,0.08009225009950248,0.9959357263167137,167
2,107533,179.22166666666666,107543,179.23833333333334,2174.5879677066987,438.100987246509,2165.673734064554,437.90262454921685,-8.914233642144609,-0.19836269729216838,0.052820347249507904,0.20129556953907013,-8.967053989394117,-0.3996582668312385,-0.9813704242447903,0.001362999528492042,-0.9873420453707185,-0.02068938378999629,-1,0,-1,1,0.01867936991800762,0.02425436902924319,0.9972263561488024,168
3,143614,239.35666666666665,143614,239.35666666666665,2165.5842940061293,437.70355795769336,2165.5076800685342,446.74462571115134,-0.07661393759508428,9.04106775345798,1.0713560581207275,-1.2193113565444946,-1.1479699957158118,10.260379110002475,-0.0013575501822800408,0.9968512504413314,-0.11833053828954514,1.1340551796593743,0,1,-1,2,0.003428930778045014,0.17880969628462723,0.9917099299439498,168
4,179685,299.475,179695,299.4916666666667,2165.389714511888,446.6825045102582,2156.0812133268028,446.29408041052847,-9.308501185085333,-0.38842409972971836,-0.957240879535675,0.4068714380264282,-8.351260305549658,-0.7952955377561466,-1.024917322593728,-0.01856119179639033,-0.9198695007180707,-0.0659075788942026,-1,0,-2,2,0.03107073874471441,0.10375310053616137,0.9924597257945003,168
5,215776,359.62666666666667,215786,359.6433333333333,2156.2964232648446,446.0045986815038,2156.22741511422,455.22309745562404,-0.06900815062454058,9.218498774120235,-0.9416531920433044,0.7329020500183105,0.8726450414187639,8.485596724101924,-0.000381501449030955,1.0163907253685425,0.10269538662361331,0.9331446314346113,0,1,-2,3,0.016395164575648345,0.12253971902933095,0.9962049743058263,168
6,251848,419.74666666666667,251858,419.7633333333333,2156.1356796700757,455.16022213334696,2147.1829069500227,454.9386468740971,-8.952772720052963,-0.2215752592498461,0.9519553780555725,-0.5529701709747314,-9.904728098108535,0.33139491172488533,-0.9856306969592502,-0.0010954321280288865,-1.0899823912961386,0.06234252871002549,-1,0,-3,3,0.0144109972390539,0.1094688157848241,0.9931248331840151,168
7,287929,479.88166666666666,287939,479.8983333333333,2147.139953431343,454.6965685664759,2146.8503367520952,463.76489300466073,-0.2896166792479562,9.068324438184845,-0.17357181012630463,-0.06325839459896088,-0.11604486912165157,9.131582832783806,-0.024782039826837486,1.0004109863878707,-0.005626988203414921,1.0069320288822474,0,1,-3,4,0.02478544750029691,0.008928382869572916,0.997046998711909,167
8,324020,540.0333333333333,324020,540.0333333333333,2147.1446649357085,463.61799814329356,2138.0490898856997,463.35258596219217,-9.095575050008847,-0.2654121811013965,-0.10957960039377213,0.1441817730665207,-8.985995449615075,-0.4095939541679172,-1.0013836646235252,-0.005555710769466496,-0.9894347617524519,-0.02173529491793452,-1,0,-4,4,0.0057254213770133325,0.02416707066230913,0.9967812947440223,167
9,360092,600.1533333333333,360102,600.17,2137.9458751910215,463.1581205084698,2137.9971537762513,472.2128637502509,0.05127858522973838,9.054743241781125,-0.6351956129074097,0.7989239692687988,0.686474198137148,8.255819272512326,0.012730647957672505,0.9980255054385349,0.08202320511581103,0.9083000177575922,0,1,-4,5,0.012882857842708914,0.12303126806112469,0.9937857183087456,168
10,396173,660.2883333333333,396183,660.305,2138.1639495819677,472.1167637863514,2128.7813383078437,471.9358984538561,-9.382611274123974,-0.18086533249527292,-0.770959198474884,0.6974977850914001,-8.61165207564909,-0.8783631175866731,-1.032912395920198,0.004512391409034214,-0.9485965762999132,-0.07438606244476255,-1,0,-5,5,0.03322028719677469,0.0904190148924813,0.9961310182326535,168
11,432244,720.4066666666666,432254,720.4233333333333,2129.1549669718793,471.7541592625993,2129.026920338765,481.0898157720298,-0.1280466331140815,9.335656509430521,0.3746199607849121,-0.24078971147537231,-0.5026665938989936,9.576446220905893,-0.0067883480502959285,1.0294595805566529,-0.047835395563484796,1.05697951447442,0,1,-5,6,0.030231582092670517,0.07439684226131986,0.9960987737518461,168
12,468336,780.56,468346,780.5766666666667,2128.8253463708566,480.9330482878074,2119.838700273942,480.60875118452964,-8.986646096914683,-0.32429710327778594,0.32686999440193176,0.19188562035560608,-9.313516091316615,-0.516182723633392,-0.9894396268062888,-0.012330811427923947,-1.0255693119189697,-0.03263172949813438,-1,0,-6,6,0.01623485116844233,0.041456235743841725,0.9970460254602156,168
13,504417,840.695,504417,840.695,2120.1095624760837,480.67097771375506,2119.8617342173634,489.8584583218262,-0.24782825872034664,9.187480608071155,-0.29910925030708313,-0.02185927890241146,0.05128099158673649,9.209339886973567,-0.020089016942859896,1.013437394945104,0.012851900600497027,1.0150676227495492,0,1,-6,7,0.024168826712135223,0.019804156239733833,0.9968264040956116,168
14,540488,900.8133333333334,540498,900.83,2119.9218533387066,489.8195033754736,2110.6371488472523,489.5570450780869,-9.28470449145425,-0.26245829738667226,-0.6644722819328308,0.41231271624565125,-8.620232209521419,-0.6747710136323235,-1.0221993712946884,-0.004737231371912339,-0.949381684416308,-0.05192051391335002,-1,0,-7,7,0.022699194852471443,0.07251174827265311,0.9966854026562073,168
15,576579,960.965,576589,960.9816666666667,2110.8384910069094,489.3594095422869,2101.52514700246,498.2532655574377,-9.313344004449391,8.893856015150789,-0.1525833010673523,-0.31935977935791016,-9.160760703382039,9.213215794508699,-1.018186047109783,1.004693327382268,-1.0011408350277666,1.0395006692866189,-1,1,-8,8,0.01878189637380617,0.03951714031469655,0.9972002361433764,167
16,612651,1021.085,612661,1021.1016666666667,2101.7089419228532,498.0875331992443,2092.4532827214853,507.0166742948941,-9.255659201367962,8.929141095649754,0.23472414910793304,-0.25013086199760437,-9.490383350475895,9.179271957647359,-1.011808901696169,1.0084326937024906,-1.0374499068099299,1.036617802807054,-1,1,-9,9,0.01451070233826776,0.052377084707806415,0.9961805398847833,167
17,648732,1081.22,648742,1081.2366666666667,2092.3096767994903,506.98419047978757,2083.2010455368954,515.7596792214756,-9.108631262594827,8.775488741688036,-0.12700790166854858,-0.08988241106271744,-8.981623360926278,8.865371152750754,-0.9957453648485773,0.9911115229981532,-0.9816948997371266,1.0006888334225832,-1,1,-10,10,0.00985428554914464,0.018318056313864572,0.9968089266859095,168
18,684823,1141.3716666666667,684823,1141.3716666666667,2083.0893163467936,515.7373450117178,2073.9026975986794,524.6030910252055,-9.186618748114142,8.865746013487637,-0.1110573336482048,0.26338091492652893,-9.075561414465938,8.602365098561108,-1.0042590347715354,1.0012643567917179,-0.9922407591587514,0.971940879180595,-1,1,-11,11,0.004442744116186648,0.029112198123646828,0.9967667712600191,168
19,720895,1201.4916666666666,720905,1201.5083333333334,2074.0180881911047,524.5097461629093,2064.876005784573,533.718064369044,-9.1420824065317,9.208318206134663,-0.10094557702541351,0.5171971321105957,-9.041136829506286,8.691121074024068,-0.9990886943538719,1.0389121044656127,-0.9883820859882487,0.9816352798880144,-1,1,-12,12,0.03892277420641311,0.021731057746368826,0.9967277088803211,168
20,756976,1261.6266666666668,756986,1261.6433333333334,2064.915998224683,533.7207438821489,2055.554676780659,542.5610569621704,-9.361321444023815,8.840313080021474,1.2923816442489624,-2.2874183654785156,-10.653703088272778,11.12773144549999,-1.0235089639146249,0.9989159907300718,-1.1639749667134927,1.2544397916015988,-1,1,-13,13,0.023533942730371904,0.30270017717034137,0.9931615690391051,168
21,793057,1321.7616666666668,793067,1321.7783333333334,2056.0701519539525,542.4361304806871,2046.8806801403284,533.0106130943175,-9.189471813624095,-9.42551738636962,0.04320969060063362,0.48554953932762146,-9.232681504224729,-9.911066925697241,-1.0188878739004563,-1.0150848436554094,-1.0240240805239385,-1.0684973064713228,-1,-1,-14,12,0.02417238690298673,0.07258813566173881,0.9970350322426017,168
22,829139,1381.8983333333333,829149,1381.915,2046.632194292219,533.0157224845898,2055.82662927909,524.1522863387552,9.194434986870874,-8.863436145834612,0.057226844131946564,0.04732831194996834,9.137208142738928,-8.91076445778458,1.0051211982289994,-1.0010300945449262,0.9987850365996566,-1.0060982525365,1,-1,-13,11,0.0052237693356610776,0.00621810421777441,0.9966248092936477,167
23,865220,1442.0333333333333,865220,1442.0333333333333,2055.882972551831,524.2216413831393,2065.2872272634067,515.2238829637638,9.404254711575959,-8.997758419375486,0.304500550031662,-0.8058056235313416,9.099754161544297,-8.191952795844145,1.0281115342668976,-1.016384023477322,0.9952249138223219,-0.9267616920661058,1,-1,-12,10,0.03253758725142967,0.07339380898293915,0.9966742047975262,167
24,901291,1502.1516666666666,901301,1502.1683333333333,2065.180160351705,515.1441149168629,2074.4658010980984,506.0818022279032,9.285640746393256,-9.062312688959707,-0.10405636578798294,-0.2542908191680908,9.389697112181238,-8.808021869791617,1.0150048356194092,-1.0231911334900112,1.0266576260336457,-0.9954302797799779,1,-1,-11,9,0.0276219797356564,0.027046466842066193,0.9967860059235505,167
25,937382,1562.3033333333333,937392,1562.32,2074.312942006609,506.0715622860346,2083.508561983709,497.3912157660577,9.19561997710025,-8.680346519976865,1.236865758895874,-1.6538453102111816,7.958754218204376,-7.026501209765684,1.0053949199465655,-0.980850105290298,0.8705438733320189,-0.7953135652979694,1,-1,-10,8,0.019895316750997493,0.24218882154819826,0.992356499215492,168
26,973454,1622.4233333333334,973464,1622.44,2083.571919488181,497.4151658442647,2093.0439188178834,488.46995897562454,9.471999329702612,-8.945206868640184,-0.4050971567630768,0.4054088890552521,9.877096486465689,-9.350615757695437,1.035609505074143,-1.0107674846783363,1.0798824332604742,-1.0565138074937328,1,-1,-9,7,0.0372018222392885,0.09785199834981807,0.9918753525634676,168
27,1009535,1682.5583333333334,1009545,1682.575,2093.050271021839,488.3653832050269,2102.247834910051,479.5462474202087,9.197563888212244,-8.819135784818172,-0.3457461893558502,0.4611349105834961,9.543310077568094,-9.280270695401668,1.0055002749327757,-0.9961547513576836,1.0431966610963728,-1.047889427220495,1,-1,-8,6,0.006711107319761544,0.06449301333774052,0.9955615303197382,168
28,1045626,1742.71,1045626,1742.71,2102.1593713324687,479.568895614266,2111.4456446146783,470.78337730685723,9.28627328220955,-8.785518307408779,0.6754044890403748,-1.0272272825241089,8.610868793169175,-7.75829102488467,1.015291080704803,-0.9926800624093118,0.9417512883967837,-0.8776825383217864,1,-1,-7,5,0.0169528356168627,0.13547868406076252,0.9924744505113606,168
29,1081698,1802.83,1081708,1802.8466666666666,2111.8545321786924,470.7336700682299,2120.9013371256497,461.79966977491154,9.046804946957309,-8.934000293318377,-0.32114729285240173,-0.04185204207897186,9.36795223980971,-8.892148251239405,0.9888159139242781,-1.0084240963865572,1.02419826821549,-1.0046473745593232,1,-1,-6,4,0.014001756364083793,0.024640500703586303,0.996859387908445,168
30,1117779,1862.965,1117789,1862.9816666666666,2120.702691793744,461.69573386100853,2129.9114412495883,452.88302006920446,9.2087494558441,-8.812713791804072,0.4591551721096039,0.24749112129211426,8.749594283734496,-9.060204913096186,1.0067365282141323,-0.9954759648309175,0.9560023183333309,-1.0215618900072456,1,-1,-5,3,0.008114659979992738,0.048997051877904915,0.9963476940584601,167
31,1153860,1923.1,1153870,1923.1166666666666,2130.1021613387866,452.83247895923137,2139.3277148662414,443.9621279604784,9.22555352745485,-8.87035099875294,-0.6802077889442444,0.6421281099319458,9.905761316399094,-9.512479108684886,1.00854109338357,-1.0018734528384112,1.0829109783386772,-1.0744316820835094,1,-1,-4,2,0.00874414671220769,0.1114195029016788,0.9924457072404511,167
32,1189942,1983.2366666666667,1189952,1983.2533333333333,2139.302951460822,443.93865128872267,2148.496601886398,434.7782931756024,9.193650425575925,-9.160358113120253,-0.5707538723945618,0.6329944133758545,9.764404297970486,-9.793352526496108,1.0048024673594294,-1.0337595550172824,1.0671315948200064,-1.105025694213056,1,-1,-3,1,0.03409943177977171,0.12464769339226406,0.995892238957939,167
33,1226023,2043.3716666666667,1226023,2043.3716666666667,2148.5378245786233,434.7436771328564,2139.420232436057,425.5067803659366,-9.117592142566082,-9.236896766919813,0.7486883401870728,-0.8095191121101379,-9.866280482753155,-8.427377654809675,-1.0108282579589922,-0.9944793637196933,-1.0926049923247292,-0.9032901571324471,-1,-1,-4,0,0.012154365280257033,0.13389726775005503,0.995088171294754,168
34,1262104,2103.5066666666667,1262114,2103.5233333333335,2139.526575580842,425.7003749675554,2130.400252026532,434.5702098148977,-9.126323554309693,8.869834847342304,0.21166421473026276,-0.278598815202713,-9.337987769039955,9.148433662545017,-0.9976189704574121,1.0015579696405623,-1.0206994235599909,1.0328211812821386,-1,1,-5,1,0.0028454474311767233,0.038803299814202816,0.996693947991558,168
35,1298185,2163.641666666667,1298196,2163.66,2130.05300439494,434.4852751018018,2120.790451761117,443.3061578917441,-9.262552633823361,8.820882789942289,-0.1525055319070816,-0.32946881651878357,-9.11004710191628,9.150351606461072,-1.0126524047703553,0.9965166893380214,-0.99560784160133,1.0324386142327189,-1,1,-6,2,0.013123139854499928,0.03273461086889776,0.9966538082665076,168
36,1334257,2223.7616666666668,1334267,2223.778333333333,2121.0443600649323,443.29942527642174,2111.738829812106,452.38712775724156,-9.30553025282643,9.087702480819814,-0.18248970806598663,0.29355931282043457,-9.123040544760443,8.79414316799938,-1.017174260339305,1.026041834195867,-0.9973168367299681,0.9932054626182463,-1,1,-7,3,0.03119506926562682,0.007305142254993893,0.9964215266769461,168
37,1370338,2283.8966666666665,1370348,2283.9133333333334,2111.8079370091427,452.37688786917823,2102.3994847626373,461.25423924640864,-9.408452246505476,8.877351377230411,-0.1326306015253067,0.013705735094845295,-9.27582164498017,8.863645642135566,-1.0286677998273743,1.003121765114615,-1.0140794964397548,1.0012652751629978,-1,1,-8,4,0.028837270404343585,0.014136235044564288,0.9966011235462878,168
38,1406429,2344.048333333333,1406429,2344.048333333333,2102.320058293016,461.3498158221463,2092.9276001415046,470.1759626157326,-9.392458151511164,8.826146793586304,0.17214813828468323,-0.4919199049472809,-9.564606289795847,9.318066698533585,-1.0269473569109921,0.9974354948232151,-1.0455112168094605,1.0521114054115515,-1,1,-9,5,0.027069110278879736,0.06918720567738512,0.9963278087415988,167
39,1442501,2404.1683333333335,1442511,2404.185,2092.9581757235046,470.1392719379658,2083.6020906928597,478.931946699146,-9.356085030644863,8.792674761180194,0.12904447317123413,-0.5218762159347534,-9.485129503816097,9.314550977114948,-1.0229698588037408,0.9936508849708569,-1.0367657311458642,1.0515167365556926,-1,1,-10,6,0.02383119122320746,0.06329054536057184,0.9967922994487266,167
40,1478582,2464.3033333333333,1478592,2464.32,2083.8526074017673,478.8748662044172,2074.776704673348,487.7446885991719,-9.07590272841935,8.869822394754749,0.025795428082346916,0.3807409405708313,-9.101698156501698,8.489081454183918,-0.9920690157311872,1.0014252046166636,-0.9952063611840821,0.9595210477249129,-1,1,-11,7,0.008058022069435842,0.04076180259000154,0.9964842113005973,168
41,1514663,2524.4383333333335,1514673,2524.455,2074.897494835133,487.61842703680645,2065.5705455474354,496.78952001533025,-9.326949287697516,9.171092978523802,-0.1764410138130188,0.2266477346420288,-9.150508273884498,8.944445243881773,-1.0194666531125631,1.0352902894568363,-1.0002226613856042,1.0098457483609375,-1,1,-12,8,0.0403032891133237,0.009848265780305869,0.996727620429912,168
42,1550745,2584.575,1550755,2584.5916666666667,2065.459988009652,496.71335360318545,2056.3103555689427,505.5678082150856,-9.14963244070941,8.854454611900167,0.8609747886657715,-0.786169171333313,-10.010607229375182,9.64062378323348,-1.00019668284484,0.9999232541667731,-1.0943513813791654,1.0888310642514687,-1,1,-13,9,0.0002111257075111542,0.12958835265642235,0.9938431753602135,168
